id,value,feed_id,created_at,lat,lon,ele
0FVCPV5R4C20ZY8411WYGVR4YW,54,3047083,2025-03-31 06:51:35 UTC,,,
0FVCPV6E0H2RBT3VA38FP3W3GT,52,3047083,2025-03-31 06:51:37 UTC,,,
0FVCPV70ZREBSA728WBGQV6GKP,55,3047083,2025-03-31 06:51:39 UTC,,,
0FVCPV7MVVTW06VDW1NB6FQKWF,62,3047083,2025-03-31 06:51:41 UTC,,,
0FVCPV890Y7FHP0P3WCBASKA4N,55,3047083,2025-03-31 06:51:43 UTC,,,
0FVCPV8X13G4A8PG4YHEY5W8M4,70,3047083,2025-03-31 06:51:45 UTC,,,
0FVCPV9G1BMXV4DGGWCC2MHBZV,66,3047083,2025-03-31 06:51:47 UTC,,,
0FVCPVA2Z663MZP3G0NZ0XTJYP,53,3047083,2025-03-31 06:51:49 UTC,,,
0FVCPVAPGE04J00JSY66VXHE55,59,3047083,2025-03-31 06:51:51 UTC,,,
0FVCPVBB13W79GXN7ENH24KK5W,51,3047083,2025-03-31 06:51:53 UTC,,,
0FVCPVBZ2SZE61T5375EG4HZWB,53,3047083,2025-03-31 06:51:55 UTC,,,
0FVCPVCHAGYFCTCQ6YM2BKYGDC,67,3047083,2025-03-31 06:51:57 UTC,,,
0FVCPVD63ZHJMCPDGFQG9Q9XXJ,52,3047083,2025-03-31 06:51:59 UTC,,,
0FVCPVDRZTPR9P9RW9GVSR7543,66,3047083,2025-03-31 06:52:01 UTC,,,
0FVCPVEC4HG6JAXABK0X45V1QT,62,3047083,2025-03-31 06:52:03 UTC,,,
0FVCPVEZX4X6HT5JTT7W7YCAQP,59,3047083,2025-03-31 06:52:05 UTC,,,
0FVCPVFM0A6TDXGVDHEQF2Y0C2,51,3047083,2025-03-31 06:52:07 UTC,,,
0FVCPYE25HFVY4TWRAF0YRSAE3,67,3047083,2025-03-31 06:57:17 UTC,,,
0FVCPYFKJG9B758GQ9AZ5473F4,59,3047083,2025-03-31 06:57:22 UTC,,,
0FVCPYH42MNB0T0PP04F74A9MB,63,3047083,2025-03-31 06:57:27 UTC,,,
0FVCPYJMRAZ62QWQE5PG9KVAZQ,55,3047083,2025-03-31 06:57:32 UTC,,,
0FVCPYM71V0ZE8BBE1CWM5101A,63,3047083,2025-03-31 06:57:37 UTC,,,
0FVCPYNQ1D1Z2K90C6MJ2CFXC7,54,3047083,2025-03-31 06:57:42 UTC,,,
0FVCPYQ7PVBJP274Q0NGMV688Y,54,3047083,2025-03-31 06:57:47 UTC,,,
0FVCPYRRX1S149XT5GYSZC4HX1,65,3047083,2025-03-31 06:57:52 UTC,,,
0FVCPYT9XR3D117WN9TET8A5TA,63,3047083,2025-03-31 06:57:57 UTC,,,
0FVCPYVTV65EW7XYNA59MMWH4R,54,3047083,2025-03-31 06:58:02 UTC,,,
0FVCPYXC0QX4YXFFPD4S3BD3Q1,54,3047083,2025-03-31 06:58:07 UTC,,,
0FVCPYYWZCDT76WD1JPSAN7D7P,54,3047083,2025-03-31 06:58:12 UTC,,,
0FVCPZ0E5EECAC7K0VVGFTMY7C,60,3047083,2025-03-31 06:58:17 UTC,,,
0FVCPZ203S6V726NY9WH7ES7EC,56,3047083,2025-03-31 06:58:22 UTC,,,
0FVCPZ3H62GE3V7QK3DZSN1KKH,53,3047083,2025-03-31 06:58:27 UTC,,,
0FVCPZ51CDQ561PN14948N3ZH9,70,3047083,2025-03-31 06:58:32 UTC,,,
0FVCPZ6J955BXWCQJ7BEPVJCV0,70,3047083,2025-03-31 06:58:37 UTC,,,
0FVCPZ834ZFGK5RWA282QHQTZ4,56,3047083,2025-03-31 06:58:42 UTC,,,
0FVCPZ9MDWE8KXW6JQPQ3XW0HD,60,3047083,2025-03-31 06:58:47 UTC,,,
0FVCPZB63ED8GRGNKSQGQCPP0H,70,3047083,2025-03-31 06:58:52 UTC,,,
0FVCPZCQ2NSZW7WES5GDJ72N5R,64,3047083,2025-03-31 06:58:57 UTC,,,
0FVCPZE81FV1931Q4Y2MJM6V1N,69,3047083,2025-03-31 06:59:02 UTC,,,
0FVCPZFS5V7Z7MQH0JHTYVKQ9P,63,3047083,2025-03-31 06:59:07 UTC,,,
0FVCPZHA6Y6Y5EJ0S5CY11ZSK4,57,3047083,2025-03-31 06:59:12 UTC,,,
0FVCPZJTBWJ2P50JMD904PS84T,51,3047083,2025-03-31 06:59:17 UTC,,,
0FVCPZMC1YC9DHV8RHKDK4N6W0,55,3047083,2025-03-31 06:59:22 UTC,,,
0FVCPZNW9KR44KHTMDX9A7213R,60,3047083,2025-03-31 06:59:27 UTC,,,
0FVCPZQDNAN0WZ697HV075TYW8,50,3047083,2025-03-31 06:59:32 UTC,,,
0FVCPZRY9WA06S2A545BZ7C7JB,68,3047083,2025-03-31 06:59:37 UTC,,,
0FVCPZTG4ATHFDGF5WAH22NS3H,51,3047083,2025-03-31 06:59:42 UTC,,,
0FVCPZW0JF5Y8N0NFSWA6K7WDA,51,3047083,2025-03-31 06:59:47 UTC,,,
0FVCPZXH8BETFX286N5FX8YVZA,53,3047083,2025-03-31 06:59:52 UTC,,,
0FVCPZZ34F5Y7VD601A8WAFCN7,62,3047083,2025-03-31 06:59:57 UTC,,,
0FVCQ00KEQ5TTMF1B1SWY6YENK,64,3047083,2025-03-31 07:00:02 UTC,,,
0FVCQ024FFZ4N52EWVP3GHE67M,54,3047083,2025-03-31 07:00:07 UTC,,,
0FVCQ03NHEQMQA86FDVQ6SJ295,52,3047083,2025-03-31 07:00:12 UTC,,,
0FVCQ0573VHSX5EEHE6F6G6C73,51,3047083,2025-03-31 07:00:17 UTC,,,
0FVCQ06RD1PT5C7VKM4P6628CX,61,3047083,2025-03-31 07:00:22 UTC,,,
0FVCQ088XB8JN8J6SWJ9KJ3C4W,65,3047083,2025-03-31 07:00:27 UTC,,,
0FVCQ09SEKDDDY3CZSBTFP2THE,62,3047083,2025-03-31 07:00:32 UTC,,,
0FVCQ0BAEV1PKBT9PXV2B311YN,69,3047083,2025-03-31 07:00:37 UTC,,,
0FVCQ0CVFK99XDDTC14EWWP2YH,70,3047083,2025-03-31 07:00:42 UTC,,,
0FVCQ0ECHG6BHR1SCY19NC6EKC,52,3047083,2025-03-31 07:00:47 UTC,,,
0FVCQ0FXDMZ1BQTNNSZH6JE7HP,55,3047083,2025-03-31 07:00:52 UTC,,,
0FVCQ0HED6XA9QW9CXCJFZVGFB,54,3047083,2025-03-31 07:00:57 UTC,,,
0FVCQ0K02F4P38ASEX02XMHXBM,60,3047083,2025-03-31 07:01:02 UTC,,,
0FVCQ0MH5ER94CP98TW9M2PW7D,53,3047083,2025-03-31 07:01:07 UTC,,,
0FVCQ0P1J92E0NB8WAEJQWGCP1,50,3047083,2025-03-31 07:01:12 UTC,,,
0FVCQ0QJFMM6RHN54Z7VFSAXPT,66,3047083,2025-03-31 07:01:17 UTC,,,
0FVCQ0S3HV9VTBKM6YNEXZ1HE4,67,3047083,2025-03-31 07:01:22 UTC,,,
0FVCQ0TMJ0N5DHCZ40TAHV29JF,56,3047083,2025-03-31 07:01:27 UTC,,,
0FVCQ0W5KHSRDWCMB4WDSTH9VF,53,3047083,2025-03-31 07:01:32 UTC,,,
0FVCQ0XPVAEEEJXZ27Y7S3SKF0,61,3047083,2025-03-31 07:01:38 UTC,,,
0FVCQ0Z7VCMXA8Z0WWM9QMSXFW,64,3047083,2025-03-31 07:01:43 UTC,,,
0FVCQ10S2A40MXFYDMZM5PXG59,62,3047083,2025-03-31 07:01:48 UTC,,,
0FVCQ12A3B9NG98YD9VMMD0F6Q,70,3047083,2025-03-31 07:01:53 UTC,,,
0FVCQ13TR2TBSG6EHKRA2QDS4A,56,3047083,2025-03-31 07:01:58 UTC,,,
0FVCQ15BNBMCFX8PFFTXCMPWFD,51,3047083,2025-03-31 07:02:03 UTC,,,
0FVCQ16WPZQ35A1BMB63KED013,68,3047083,2025-03-31 07:02:08 UTC,,,
0FVCQ18DQPQRRYB9VN3EWWF3AT,66,3047083,2025-03-31 07:02:13 UTC,,,
0FVCQ19Z4H3W6F2T7Z567GM9V7,50,3047083,2025-03-31 07:02:18 UTC,,,
0FVCQ1BFKHAPHMBHN81MGER98X,57,3047083,2025-03-31 07:02:23 UTC,,,
0FVCQ1D0NBR9Q030E7RVWWPC1M,58,3047083,2025-03-31 07:02:28 UTC,,,
0FVCQ1ET1A28VPTZJB1SHHTNJ6,57,3047083,2025-03-31 07:02:34 UTC,,,
0FVCQ1G31YFG0YVXNW3YZZ0SR8,66,3047083,2025-03-31 07:02:38 UTC,,,
0FVCQ1HKQ3MEKH8R3MC6NR5BKD,67,3047083,2025-03-31 07:02:43 UTC,,,
0FVCQ1K55DC8MEYW5KJTZ8T2VK,62,3047083,2025-03-31 07:02:48 UTC,,,
0FVCQ1MP6M5SY4M8T008EYE319,59,3047083,2025-03-31 07:02:53 UTC,,,
0FVCQ1P74VBN2NEC599ENECVW0,59,3047083,2025-03-31 07:02:58 UTC,,,
0FVCQ1QQXV94SWG6VXQ1DBEVSH,58,3047083,2025-03-31 07:03:03 UTC,,,
0FVCQ1S94ZB55FB2ZVYAZSE0FT,52,3047083,2025-03-31 07:03:08 UTC,,,
0FVCQ1TVQM6YDK8RS98NHJN5G7,50,3047083,2025-03-31 07:03:13 UTC,,,
0FVCQ1WBVGNVED3FQ2AS6AFNA9,65,3047083,2025-03-31 07:03:18 UTC,,,
0FVCQ1XWZC765C6F8HESE571PR,54,3047083,2025-03-31 07:03:23 UTC,,,
0FVCQ1ZDNG2M330RJCCC4RVBPS,62,3047083,2025-03-31 07:03:28 UTC,,,
0FVCQ20Y7YGR9JN972VT2BS2AD,55,3047083,2025-03-31 07:03:33 UTC,,,
0FVCQ22F6KYWC6ZC509XSZ8GZ2,67,3047083,2025-03-31 07:03:38 UTC,,,
0FVCQ240MDV8JQNW76ZRPCKC74,63,3047083,2025-03-31 07:03:43 UTC,,,
0FVCQ25GVM4YDAPE7385F3A06X,64,3047083,2025-03-31 07:03:48 UTC,,,
0FVCQ272ABDC5CDVASXKFX80RH,69,3047083,2025-03-31 07:03:53 UTC,,,
0FVCQ28KNWEXAD9HMXEA1SVDKZ,69,3047083,2025-03-31 07:03:58 UTC,,,
0FVCQ2A54JX7JYHJBEHD293QD9,53,3047083,2025-03-31 07:04:03 UTC,,,
0FVCQ2BMVZX8KCJ907KN03GKPY,51,3047083,2025-03-31 07:04:08 UTC,,,
0FVCQ2D86M069MVK3ECJ0EVG7N,55,3047083,2025-03-31 07:04:13 UTC,,,
0FVCQ2ERNFV9ERNMTAM7SS3VY1,57,3047083,2025-03-31 07:04:18 UTC,,,
0FVCQ2GAFS6X8VCJ0WBEXGJ7BA,57,3047083,2025-03-31 07:04:23 UTC,,,
0FVCQ2HT4T17817ZVZSTATWT8D,56,3047083,2025-03-31 07:04:28 UTC,,,
0FVCQ2KB8AZAW48WBMKR7N20JK,50,3047083,2025-03-31 07:04:33 UTC,,,
0FVCQ2MWP6QZTXBPY8WNETHF2H,57,3047083,2025-03-31 07:04:38 UTC,,,
0FVCQ2PCJMJ3Q0T8VB3VBMWY9R,60,3047083,2025-03-31 07:04:43 UTC,,,
0FVCQ2QX7VCN8J132KJ3E1K5PD,70,3047083,2025-03-31 07:04:48 UTC,,,
0FVCQ2SEAEJXQ7GPK15591ME4A,61,3047083,2025-03-31 07:04:53 UTC,,,
0FVCQ2TZ98V9VN9505WGNBRKAE,58,3047083,2025-03-31 07:04:58 UTC,,,
0FVCQ2WG83M6R6DS0S0ERQNG6H,53,3047083,2025-03-31 07:05:03 UTC,,,
0FVCQ2Y29QFXF0GQSJ9W3CXJ54,62,3047083,2025-03-31 07:05:08 UTC,,,
0FVCQ2ZJE1YR2N7EBBAA9WT89V,69,3047083,2025-03-31 07:05:13 UTC,,,
0FVCQ31544VQQ6STSVEDTZ60DR,67,3047083,2025-03-31 07:05:19 UTC,,,
0FVCQ32MHVVMYMYGWFEEAWTQV8,52,3047083,2025-03-31 07:05:23 UTC,,,
0FVCQ34GZPB2CQD8XM14FC4TNN,59,3047083,2025-03-31 07:05:30 UTC,,,
0FVCQ35Q6PQ22VC26C0R643ZWS,60,3047083,2025-03-31 07:05:33 UTC,,,
0FVCQ377NZE9RP0C4EEXCSH005,63,3047083,2025-03-31 07:05:38 UTC,,,
0FVCQ38S7HFHJJBY54TR4TA3P3,56,3047083,2025-03-31 07:05:44 UTC,,,
0FVCQ3A9QT9N2C7H0V9X46538K,50,3047083,2025-03-31 07:05:48 UTC,,,
0FVCQ3BTGYTYAW93296AQ6D0TP,54,3047083,2025-03-31 07:05:53 UTC,,,
0FVCQ3DBJ2M54H7TGS8JDHY5HB,58,3047083,2025-03-31 07:05:58 UTC,,,
0FVCQ3EWP9ZZ4PEB8GCT7TWB4W,58,3047083,2025-03-31 07:06:04 UTC,,,
0FVCQ3GDGRYDZ0KXT848XRRMZ2,69,3047083,2025-03-31 07:06:09 UTC,,,
0FVCQ3HZ2M3C6VMXB74EGHEB0R,61,3047083,2025-03-31 07:06:14 UTC,,,
0FVCQ3KGCFCD788Z6PJJCCG48N,58,3047083,2025-03-31 07:06:19 UTC,,,
0FVCQ3N0TXF9GR6BJN88B4HR9Y,54,3047083,2025-03-31 07:06:24 UTC,,,
0FVCQ3PHMS0FP3GYTA2RCR98C8,62,3047083,2025-03-31 07:06:29 UTC,,,
0FVCQ3R2HWH61WB0MJF4V6VBH9,59,3047083,2025-03-31 07:06:34 UTC,,,
0FVCQ3SKHH7YNZS9SXS0Z52RZC,58,3047083,2025-03-31 07:06:39 UTC,,,
0FVCQ3V4K7MKQCVBC0NH14P2PA,54,3047083,2025-03-31 07:06:44 UTC,,,
0FVCQ3WNRAS8Z4YJ5HK2EYHFNG,63,3047083,2025-03-31 07:06:49 UTC,,,
0FVCQ3Y6T30ET2D8V79TM51V4Y,63,3047083,2025-03-31 07:06:54 UTC,,,
0FVCQ3ZQMADA5AR98X42PSNB9Q,64,3047083,2025-03-31 07:06:59 UTC,,,
0FVCQ418NWE0612MP8Y3DMCXA1,56,3047083,2025-03-31 07:07:04 UTC,,,
0FVCQ42SMV19B4KJ1A2833N8G2,65,3047083,2025-03-31 07:07:09 UTC,,,
0FVCQ44BMWDPCB7NZ787M3C5BA,52,3047083,2025-03-31 07:07:14 UTC,,,
0FVCQ45WBQW99K6Q49K6AZD79K,50,3047083,2025-03-31 07:07:19 UTC,,,
0FVCQ47CX1501VZHARC396QQQR,59,3047083,2025-03-31 07:07:24 UTC,,,
0FVCQ48Y2NBXKJP1KCBD452430,69,3047083,2025-03-31 07:07:29 UTC,,,
0FVCQ4AF44J6AW2EWEV8VFXN8T,53,3047083,2025-03-31 07:07:34 UTC,,,
0FVCQ4BZWARK98HXP7JAN4Z32Q,66,3047083,2025-03-31 07:07:39 UTC,,,
0FVCQ4DGR4DA2QPDAPM5EME8RC,53,3047083,2025-03-31 07:07:44 UTC,,,
0FVCVSMQTFRYEGBTTA1HFCP2TS,70,3047083,2025-03-31 11:28:31 UTC,,,
0FVCVSP8EDXT3SWNAWVCP4BA1W,57,3047083,2025-03-31 11:28:36 UTC,,,
0FVCVSQSSSAER9DYPDVKAB0PJG,61,3047083,2025-03-31 11:28:41 UTC,,,
0FVCVSSAKFHC73DE34VCCNQ6RE,60,3047083,2025-03-31 11:28:46 UTC,,,
0FVCVSTVS95TJ0DY4Y2WAE70AE,59,3047083,2025-03-31 11:28:51 UTC,,,
0FVCVSWCN1MG5YRBC2C3PX1BHY,50,3047083,2025-03-31 11:28:56 UTC,,,
0FVCVSXXPTZNN18G4WKKX9748M,60,3047083,2025-03-31 11:29:01 UTC,,,
0FVCVSZFS1K4XHQN117GYVH71F,50,3047083,2025-03-31 11:29:07 UTC,,,
0FVCVT110YMJBT1CJA45HAXF16,63,3047083,2025-03-31 11:29:12 UTC,,,
0FVCVT2GQ693GJDV727GVYDDPH,67,3047083,2025-03-31 11:29:16 UTC,,,
0FVCVT42SSNAT52T9GCS9PFEZ7,66,3047083,2025-03-31 11:29:22 UTC,,,
0FVCVT5JR116J3ZTV7P6PG0WH2,69,3047083,2025-03-31 11:29:27 UTC,,,
0FVCVT760EYJJNSYFM54V4SHX9,65,3047083,2025-03-31 11:29:32 UTC,,,
0FVCVT8NRYJ7Q6J39GFZ19EW3S,55,3047083,2025-03-31 11:29:37 UTC,,,
0FVCVTA6QCGXQ45TD9959SG88K,59,3047083,2025-03-31 11:29:42 UTC,,,
0FVCVTBQQ3KRNXD5WBN1FVRBKW,70,3047083,2025-03-31 11:29:47 UTC,,,
0FVCVTD7WRY011RBCG14MWYC7M,52,3047083,2025-03-31 11:29:52 UTC,,,
0FVCVTESS41H4SP3H2HC32KGRE,51,3047083,2025-03-31 11:29:57 UTC,,,
0FVCVTG9TKWEYJ8GTXASA6M90V,67,3047083,2025-03-31 11:30:02 UTC,,,
0FVCVTHTVS2VKB8BZPYAWFTHP4,57,3047083,2025-03-31 11:30:07 UTC,,,
0FVCVTKCRDQ554664VK6SE6T2S,55,3047083,2025-03-31 11:30:12 UTC,,,
0FVCVTMXRH6DR9FYSTSR373PKG,54,3047083,2025-03-31 11:30:17 UTC,,,
0FVCVTPDWY1ZS53K0XCARHDD2G,60,3047083,2025-03-31 11:30:22 UTC,,,
0FVCVTQZQTAHQAR9Z134C96DY8,51,3047083,2025-03-31 11:30:27 UTC,,,
0FVCVTSGR4WYKV6NZF34KR0QBT,68,3047083,2025-03-31 11:30:32 UTC,,,
0FVCVTV110106D8TQZA1Y4A1G6,67,3047083,2025-03-31 11:30:37 UTC,,,
0FVCVTWJRMJCB1JB75VXPHKWSQ,55,3047083,2025-03-31 11:30:42 UTC,,,
0FVCVTY366RJECX6M2JTWBHVBG,68,3047083,2025-03-31 11:30:47 UTC,,,
0FVCVTZM9J35GWPGRPZG6GQSH2,61,3047083,2025-03-31 11:30:52 UTC,,,
0FVCVV15RYEQHRR7HV0WPRYNK9,58,3047083,2025-03-31 11:30:57 UTC,,,
0FVCVV2PA0EM0JNC6A2V366TE6,69,3047083,2025-03-31 11:31:02 UTC,,,
0FVCVV47CQDENHN2D6KRVJY63R,69,3047083,2025-03-31 11:31:07 UTC,,,
0FVCVV5RJT7SBF100QA862V4AP,51,3047083,2025-03-31 11:31:12 UTC,,,
0FVCVV79R7PEVZ26WKTVVVH633,66,3047083,2025-03-31 11:31:17 UTC,,,
0FVCVV8TE5XCAXX91W6J39P4F9,54,3047083,2025-03-31 11:31:22 UTC,,,
0FVCVVABT4VE7BESX7JH1D8HYV,67,3047083,2025-03-31 11:31:27 UTC,,,
0FVCVVBXSHD6469JVM9748VWMG,66,3047083,2025-03-31 11:31:32 UTC,,,
0FVCVVDDG6XV65SEZSZRGZ2MW8,52,3047083,2025-03-31 11:31:37 UTC,,,
0FVCVVEYS55CBFYDPM9GN8R2AM,51,3047083,2025-03-31 11:31:42 UTC,,,
0FVCVVGFT0G7THR9764RK2663Q,69,3047083,2025-03-31 11:31:47 UTC,,,
0FVCVVJ0RN07D8VMCC3AE21T2Q,53,3047083,2025-03-31 11:31:52 UTC,,,
0FVCVVKM2CXX2RZSV95QYRX7PD,59,3047083,2025-03-31 11:31:57 UTC,,,
0FVCVVN2RQX0E19Z8VY0WYT90Q,70,3047083,2025-03-31 11:32:02 UTC,,,
0FVCVVPMWPC7T6N3041B9K7QDH,51,3047083,2025-03-31 11:32:07 UTC,,,
0FVCVVR5AVFK5CNVKJ91Q8B9PZ,55,3047083,2025-03-31 11:32:12 UTC,,,
0FVCVVSP6KWKNKE62MKQ02XQ55,70,3047083,2025-03-31 11:32:17 UTC,,,
0FVCW415NG009CRE1QJEPC7M11,50,3047083,2025-03-31 11:46:41 UTC,,,
0FVCW54TB3JG1H7C25B402BN4X,53,3047083,2025-03-31 11:48:37 UTC,,,
0FVCW56BJZ60PDV4BE6P0963TA,62,3047083,2025-03-31 11:48:42 UTC,,,
0FVCW57WH2MF4KVWN4TMV4TVEK,55,3047083,2025-03-31 11:48:48 UTC,,,
0FVCW59D4EJMM612EXS8J1HH15,59,3047083,2025-03-31 11:48:52 UTC,,,
0FVCW5AY5DB6D47KGQTKT7XKP7,59,3047083,2025-03-31 11:48:58 UTC,,,
0FVCW5CF83GWBBB4Z8C6QAR1VK,57,3047083,2025-03-31 11:49:03 UTC,,,
0FVCW5DZV89NRYQJ0BQ1Z830N9,60,3047083,2025-03-31 11:49:08 UTC,,,
0FVCW5FGXMHZ0AMDW4Z95SRXTJ,62,3047083,2025-03-31 11:49:13 UTC,,,
0FVCW5H1Y0715FVXVGDSQ4A7FJ,57,3047083,2025-03-31 11:49:18 UTC,,,
0FVCW5JK5KHEVGE1ZADZFRRZ5A,54,3047083,2025-03-31 11:49:23 UTC,,,
0FVCW5M3WMNFK9SDFPE78M1EQ3,58,3047083,2025-03-31 11:49:28 UTC,,,
0FVCW5NMTX4JAXCE4WW3M7XY7A,68,3047083,2025-03-31 11:49:33 UTC,,,
0FVCW5Q5VR3GH37V9V59RV7TBS,62,3047083,2025-03-31 11:49:38 UTC,,,
0FVCW5RQB3CRBYYZV7JEJQD8F3,67,3047083,2025-03-31 11:49:43 UTC,,,
0FVCW5T7X634VX2QQT8A6HYR5T,62,3047083,2025-03-31 11:49:48 UTC,,,
0FVCW5VS976A2KHJ70RG4YGNMK,58,3047083,2025-03-31 11:49:53 UTC,,,
0FVCW5XAGQEF1SDSA9C7RZPGKM,51,3047083,2025-03-31 11:49:58 UTC,,,
0FVCW5YVAMER9KYRP4W1GVXHXN,68,3047083,2025-03-31 11:50:03 UTC,,,
0FVCW60BWY73EGR2TQZW1KTJA7,68,3047083,2025-03-31 11:50:08 UTC,,,
0FVCW61X4EACBFR2E1GC5J160E,66,3047083,2025-03-31 11:50:13 UTC,,,
0FVCW63E5SGX5XCW8X4XYC3SZG,61,3047083,2025-03-31 11:50:18 UTC,,,
0FVCW64Z5SAD2TZPJGQC1PZM3K,65,3047083,2025-03-31 11:50:23 UTC,,,
0FVCW66FYNFM06VPV37N9CSN0Y,57,3047083,2025-03-31 11:50:28 UTC,,,
0FVCW680YXDAAVQHNMBZ838RA4,63,3047083,2025-03-31 11:50:33 UTC,,,
0FVCW69J6VH8R0ZH4N8FT5SHES,70,3047083,2025-03-31 11:50:38 UTC,,,
0FVCW6B2WPVWFMWJ5RV1EGHYM1,52,3047083,2025-03-31 11:50:43 UTC,,,
0FVCW6CKXPGMWQRF2ZKS0ENSMF,64,3047083,2025-03-31 11:50:48 UTC,,,
0FVCW6E4W6WC3Y58XKDQDP4574,53,3047083,2025-03-31 11:50:53 UTC,,,
0FVCW6FNWNMY1Z5W75TVPSVEP3,67,3047083,2025-03-31 11:50:58 UTC,,,
0FVCW6H6WP3DNC9MFTHR153HT9,63,3047083,2025-03-31 11:51:03 UTC,,,
0FVCW6JQYNVXQHXG0NP20P33GR,58,3047083,2025-03-31 11:51:08 UTC,,,
0FVCW6M93970QHVPC637FKC6XK,62,3047083,2025-03-31 11:51:13 UTC,,,
0FVCW6NTPTFABTA2V3B8P4QYJN,63,3047083,2025-03-31 11:51:18 UTC,,,
0FVCW6QBXFX6DDG2HNY6NW5KA7,64,3047083,2025-03-31 11:51:23 UTC,,,
0FVCW6RXCRQ7X20G37BVTKGKBZ,62,3047083,2025-03-31 11:51:28 UTC,,,
0FVCW6TD0DR8K7947E0CP2CNYE,61,3047083,2025-03-31 11:51:33 UTC,,,
0FVCW6VZ66GSG24XJ0YZ96XYXQ,65,3047083,2025-03-31 11:51:38 UTC,,,
0FVCW6XG8CD7ZEAESRS32KSNA3,66,3047083,2025-03-31 11:51:43 UTC,,,
0FVCW6Z16J9CQ64B9ZJX8C0Q5P,64,3047083,2025-03-31 11:51:48 UTC,,,
0FVCW70J5TZBZB3WEAZ26YA7GX,68,3047083,2025-03-31 11:51:53 UTC,,,
0FVCW7236H7752DYZ12RC7QTB6,66,3047083,2025-03-31 11:51:58 UTC,,,
0FVCW73K7VF1SNCXNV55TV69KG,56,3047083,2025-03-31 11:52:03 UTC,,,
0FVCW7545HSWFYC5X0K5P50W7H,58,3047083,2025-03-31 11:52:08 UTC,,,
0FVCW76N70H29CZG3SY4AFJ9EH,62,3047083,2025-03-31 11:52:13 UTC,,,
0FVCW78653X9E1A8DH1QVVY912,50,3047083,2025-03-31 11:52:18 UTC,,,
0FVCW79R7NKA3K273Q19H4MY1M,63,3047083,2025-03-31 11:52:23 UTC,,,
0FVCW7B9CBKY7WDVGDW7MJBT4D,68,3047083,2025-03-31 11:52:28 UTC,,,
0FVCW7CSJD0G744V7DNGAQ33KX,61,3047083,2025-03-31 11:52:33 UTC,,,
0FVCW7EA8R3WYC8XKH3E3W71K6,64,3047083,2025-03-31 11:52:38 UTC,,,
0FVCW7FXVBEY88BEH4G9XCDFAY,67,3047083,2025-03-31 11:52:44 UTC,,,
0FVCW7HC97A093P4ERDD79EYCT,70,3047083,2025-03-31 11:52:48 UTC,,,
0FVCW7JXBC3E84E6RFW2T09VZS,69,3047083,2025-03-31 11:52:53 UTC,,,
0FVCW7ME989PKP42804PD974VG,65,3047083,2025-03-31 11:52:58 UTC,,,
0FVCW7NZBGNTTK5ZVWPDYR53KC,62,3047083,2025-03-31 11:53:03 UTC,,,
0FVCW7QGFPP4MQDE0MKBAGQNJ3,58,3047083,2025-03-31 11:53:08 UTC,,,
0FVCW7S1CAN17S8RH8YB4FHSYD,58,3047083,2025-03-31 11:53:13 UTC,,,
0FVCW7TJARRKHKGC2CWBJ4BTM7,66,3047083,2025-03-31 11:53:18 UTC,,,
0FVCW7W3B6M5T461J2FZKFM6P3,68,3047083,2025-03-31 11:53:23 UTC,,,
0FVCW7XN5RQPJQBE7VGB4Y6X0J,58,3047083,2025-03-31 11:53:29 UTC,,,
0FVCW7Z5C4NCDF42PFTTDG0M2K,66,3047083,2025-03-31 11:53:33 UTC,,,
0FVCW80PEXSYCYD16RWYSH400Y,59,3047083,2025-03-31 11:53:39 UTC,,,
0FVCW827GHZ956J8HKMDXX9AKK,50,3047083,2025-03-31 11:53:44 UTC,,,
0FVCW83TXXXTRW0219PMANJFYS,52,3047083,2025-03-31 11:53:49 UTC,,,
0FVCW85BQ0A0NWMGC6ERHEBMND,65,3047083,2025-03-31 11:53:54 UTC,,,
0FVCW86TP17XK88P5V0711CN1R,55,3047083,2025-03-31 11:53:59 UTC,,,
0FVCW88BK3P4P062T4NWTCEDDY,64,3047083,2025-03-31 11:54:04 UTC,,,
0FVCW89X6TF432TRJVXSE69JHW,69,3047083,2025-03-31 11:54:09 UTC,,,
0FVCW8BDR8087HZT9XHF7EJVPQ,57,3047083,2025-03-31 11:54:14 UTC,,,
0FVCW8CYK1EQ7F9552AGV31WNQ,55,3047083,2025-03-31 11:54:19 UTC,,,
0FVCW8EFPN44SPDD7SNSB10YC6,61,3047083,2025-03-31 11:54:24 UTC,,,
0FVCW8G0N4SKA5D05XQNMEVABJ,64,3047083,2025-03-31 11:54:29 UTC,,,
0FVCW8HHXT1R0M8AMBSMJ810BH,66,3047083,2025-03-31 11:54:34 UTC,,,
0FVCW8K31FVG9J94NJ7DGSNK02,56,3047083,2025-03-31 11:54:39 UTC,,,
0FVCW8MM6CRGV3KW6MVEGZRZ4B,51,3047083,2025-03-31 11:54:44 UTC,,,
0FVCW8P4MVDDXXB360S3Z356DN,68,3047083,2025-03-31 11:54:49 UTC,,,
0FVCW8QNQK7CCG8QQM7DF9XNBY,59,3047083,2025-03-31 11:54:54 UTC,,,
0FVCW8S6S4N3NWB1YG0B4ER5XR,66,3047083,2025-03-31 11:54:59 UTC,,,
0FVCW8TRPC71G19ZEM4WYDD8MV,68,3047083,2025-03-31 11:55:04 UTC,,,
0FVCW8W8TF69RD7FTMP0RRP3KR,61,3047083,2025-03-31 11:55:09 UTC,,,
0FVCW8XTAS3M5CT4QAKTCRRMYT,63,3047083,2025-03-31 11:55:14 UTC,,,
0FVCW8ZB3RT6E6QX1FCMEJSHKP,57,3047083,2025-03-31 11:55:19 UTC,,,
0FVCW90VZ9FXQN5HF806ZE51MN,60,3047083,2025-03-31 11:55:24 UTC,,,
0FVCW92D3T33CAMFRN20B44K14,58,3047083,2025-03-31 11:55:29 UTC,,,
0FVCW93Y7KTGRD7M0G0ZPCDNGY,57,3047083,2025-03-31 11:55:34 UTC,,,
0FVCW95F6KT7088ZPJABX1MCB5,55,3047083,2025-03-31 11:55:39 UTC,,,
0FVCW9701Y82RQM9DP22YQ721Q,58,3047083,2025-03-31 11:55:44 UTC,,,
0FVCW98H2HV3NF5ADNSR7GW86W,68,3047083,2025-03-31 11:55:49 UTC,,,
0FVCW9A36WFEDPQKMF1DD3KW1B,58,3047083,2025-03-31 11:55:54 UTC,,,
0FVCW9BK62TMW44QKPMZK1RANX,66,3047083,2025-03-31 11:55:59 UTC,,,
0FVCW9D477WJ3ZVXA2BDDRG9BC,60,3047083,2025-03-31 11:56:04 UTC,,,
0FVCW9EN73H1R5GVJDTXWA1TPS,69,3047083,2025-03-31 11:56:09 UTC,,,
0FVCWB6K8A9BBPJSZDG9XHPAY8,57,3047083,2025-03-31 11:59:12 UTC,,,
0FVCWB846X1Q3F42AAAJ6NG7GB,60,3047083,2025-03-31 11:59:17 UTC,,,
0FVCWB9MCF5NXK973KE31APGAR,67,3047083,2025-03-31 11:59:22 UTC,,,
0FVCWBB5CDS9E9DS6XZ02D1872,67,3047083,2025-03-31 11:59:27 UTC,,,
0FVCWBCQ6AXCYTH2QDM90W0QBJ,53,3047083,2025-03-31 11:59:32 UTC,,,
0FVCWBE7ER6XWHYSGBD9QJ6SVQ,60,3047083,2025-03-31 11:59:37 UTC,,,
0FVCWBFRGD6JC81NBJGMM9T9EQ,67,3047083,2025-03-31 11:59:42 UTC,,,
0FVCWBH9P6PBX47WK2FKYYWN63,56,3047083,2025-03-31 11:59:47 UTC,,,
0FVCWBJTZH65QN9XTTVVTBJAZX,53,3047083,2025-03-31 11:59:53 UTC,,,
0FVCWBMBMBMJ8K9SDZEX75TYAM,63,3047083,2025-03-31 11:59:58 UTC,,,
0FVCWBNWMQBWRQQKZHK59JPNK0,66,3047083,2025-03-31 12:00:03 UTC,,,
0FVCWBQF045ESPJ24KGGDTTDKE,64,3047083,2025-03-31 12:00:08 UTC,,,
0FVCWBRZ6N8Q8QRGR2Q8MT5CGH,69,3047083,2025-03-31 12:00:13 UTC,,,
0FVCWBTFP09HBPKDQF4C2D7ZMG,62,3047083,2025-03-31 12:00:18 UTC,,,
0FVCWBW181XRDGTWXTFHKHSW6D,51,3047083,2025-03-31 12:00:23 UTC,,,
0FVCWBXJ63PH9MV4FPSRVN1MQK,66,3047083,2025-03-31 12:00:28 UTC,,,
0FVCWBZ2QXEF5DQ12TD1MRGKSF,53,3047083,2025-03-31 12:00:33 UTC,,,
0FVCWC0KR0Z6RY9MYAW42NY6WR,53,3047083,2025-03-31 12:00:38 UTC,,,
0FVCWC24QBPG7HEB9902HAQJJN,59,3047083,2025-03-31 12:00:43 UTC,,,
0FVCWC3NS2HBJD93WE37V786KJ,57,3047083,2025-03-31 12:00:48 UTC,,,
0FVCWC56S9VTRA4CK5GPM8MHD8,69,3047083,2025-03-31 12:00:53 UTC,,,
0FVCWC6QSH45R0H7055XPEDRGA,66,3047083,2025-03-31 12:00:58 UTC,,,
0FVCWC88SM83ASVN8D33VE576Q,60,3047083,2025-03-31 12:01:03 UTC,,,
0FVCWC9T6Z033T7N2BCTCS7QH0,68,3047083,2025-03-31 12:01:08 UTC,,,
0FVCWCBAVYY5G6KGVPG21GWKQ5,59,3047083,2025-03-31 12:01:13 UTC,,,
0FVCWCCW1J8X2Q5BSQ7P7MP8A3,67,3047083,2025-03-31 12:01:18 UTC,,,
0FVCWCECVGEMRPF3D50319MQQM,69,3047083,2025-03-31 12:01:23 UTC,,,
0FVCWCFXW5K5WECSGBMZ10VE3F,58,3047083,2025-03-31 12:01:28 UTC,,,
0FVCWCHG1TDN53AGAXFNDJJCBC,67,3047083,2025-03-31 12:01:33 UTC,,,
0FVCWCK0JMTMNK8PRAT3NARHVY,59,3047083,2025-03-31 12:01:38 UTC,,,
0FVCWCMGXS2FK57P0YV48JS430,68,3047083,2025-03-31 12:01:43 UTC,,,
0FVCWCP1YDGFRTWRCXRASDXR95,59,3047083,2025-03-31 12:01:48 UTC,,,
0FVCWCQK69V6G37WMZME4RW7HV,54,3047083,2025-03-31 12:01:53 UTC,,,
0FVCWCS47191BN4F5WET0X0CJA,65,3047083,2025-03-31 12:01:58 UTC,,,
0FVCWCTMYMYP5NQTY53BKMQB8A,64,3047083,2025-03-31 12:02:03 UTC,,,
0FVCWCW6ABW1EN6MDZG1KKSJ91,51,3047083,2025-03-31 12:02:08 UTC,,,
0FVCWCXR7A4G2TE5B0H9BKBPMC,55,3047083,2025-03-31 12:02:13 UTC,,,
0FVCWCZ87EVZ53C2ZQ2WD36J4N,56,3047083,2025-03-31 12:02:18 UTC,,,
0FVCWD0RXNNCD6M9D389859023,61,3047083,2025-03-31 12:02:23 UTC,,,
0FVCWD29ZPBWJ8Y6FK8AT2GCX0,53,3047083,2025-03-31 12:02:28 UTC,,,
0FVCWD3V6QDEE5505JEV8XDFDQ,67,3047083,2025-03-31 12:02:33 UTC,,,
0FVCWD5C6SCHY5YQQP223VA5GV,64,3047083,2025-03-31 12:02:38 UTC,,,
0FVCWD6X3TM0FFF1QP34Q0KTV4,65,3047083,2025-03-31 12:02:43 UTC,,,
0FVCWD8E0CY1CE43XQ4Q1H5QFN,65,3047083,2025-03-31 12:02:48 UTC,,,
0FVCWD9ZC1A1AN62Q5G98Z0EKB,66,3047083,2025-03-31 12:02:53 UTC,,,
0FVCWDBH7DJ4DJ7W9XZ869D8HN,52,3047083,2025-03-31 12:02:58 UTC,,,
0FVCWDD1AE4RCX50G3XJPK6PNP,67,3047083,2025-03-31 12:03:03 UTC,,,
0FVCWDEK8KHDNNBFATX6GH3N2Z,66,3047083,2025-03-31 12:03:08 UTC,,,
0FVCWDG39BW1S4GM158VRCW6PN,67,3047083,2025-03-31 12:03:13 UTC,,,
0FVCWDHN5T8T5MXPAMYFXN0WDQ,69,3047083,2025-03-31 12:03:18 UTC,,,
0FVCWDK688GPXJA8GHVHV0MYDM,64,3047083,2025-03-31 12:03:23 UTC,,,
0FVCWDMQ6PN7204Q03PVDJ97FB,64,3047083,2025-03-31 12:03:28 UTC,,,
0FVCWDP8927ZKBKVYHAZ6GSMYH,64,3047083,2025-03-31 12:03:33 UTC,,,
0FVCWDQRBBR6XB61D18B9PHSQZ,68,3047083,2025-03-31 12:03:38 UTC,,,
0FVCWDS9ASZFGC4HVGEDD5QK51,65,3047083,2025-03-31 12:03:43 UTC,,,
0FVCWDTT9EEQYF977KVNKVW925,57,3047083,2025-03-31 12:03:48 UTC,,,
0FVCWDWB9B2D6M311BB6ACF36W,50,3047083,2025-03-31 12:03:53 UTC,,,
0FVCWDXX0S84CZM4325EF75SSQ,69,3047083,2025-03-31 12:03:59 UTC,,,
0FVCWDZDZA4A7N4X3SHJR2WEYZ,54,3047083,2025-03-31 12:04:04 UTC,,,
0FVCWE0Y9YJQMY9PFAQ2VHFB0Z,52,3047083,2025-03-31 12:04:08 UTC,,,
0FVCWE2FDDEQ5KSQJXCDQW4024,69,3047083,2025-03-31 12:04:13 UTC,,,
0FVCWE417GEPA7BMTRNRAVAQVH,58,3047083,2025-03-31 12:04:19 UTC,,,
0FVCWE5J7W8TFGMGDHFM8T5YJZ,67,3047083,2025-03-31 12:04:24 UTC,,,
0FVCWE737B9F0SC6RDNXB2VF01,62,3047083,2025-03-31 12:04:29 UTC,,,
0FVCWE8M6EYJ064VBE9W5DXQ91,54,3047083,2025-03-31 12:04:34 UTC,,,
0FVCWEA6ZCZ74KVFBR58M2CFX0,51,3047083,2025-03-31 12:04:39 UTC,,,
0FVCWEBNF4XC5XN7NS9FFEFX5G,58,3047083,2025-03-31 12:04:44 UTC,,,
0FVCWED768F8SJFD0D8WMF8DM6,68,3047083,2025-03-31 12:04:49 UTC,,,
0FVCWEEQBVF0XDBG9WQ6356C2M,67,3047083,2025-03-31 12:04:54 UTC,,,
0FVCWEG8D2Y7KBP3DN27ST0S61,63,3047083,2025-03-31 12:04:59 UTC,,,
0FVCWEHT81Q9S1W5C30M2RCE7M,58,3047083,2025-03-31 12:05:04 UTC,,,
0FVCWEKABFQFX2RAYXYVE75SS7,50,3047083,2025-03-31 12:05:09 UTC,,,
0FVCWEMW3KGK2164N7XAB50KJT,64,3047083,2025-03-31 12:05:14 UTC,,,
0FVCWEPCKHR80MC6P5FKEKPSB6,58,3047083,2025-03-31 12:05:19 UTC,,,
0FVCWEQXATRA4PH0DD1KFCY62F,66,3047083,2025-03-31 12:05:24 UTC,,,
0FVCWESEAJ8BPP8SMFVT1648Z7,54,3047083,2025-03-31 12:05:29 UTC,,,
0FVCWETZKN6PPM4GXA2G1APM99,53,3047083,2025-03-31 12:05:34 UTC,,,
0FVCWEWH7CTH6J9VH7H35E7EBF,62,3047083,2025-03-31 12:05:39 UTC,,,
0FVCWEY1E53AMGE84SZSP5742J,52,3047083,2025-03-31 12:05:44 UTC,,,
0FVCWEZK77ENZMB1VVKJ87H2PG,63,3047083,2025-03-31 12:05:49 UTC,,,
0FVCWF13FJGMYFW8WJ3D4YYWFN,68,3047083,2025-03-31 12:05:54 UTC,,,
0FVCWF2N6VRZ0YQFBJZY1GPN7G,56,3047083,2025-03-31 12:05:59 UTC,,,
0FVCWF45GG4MG7SP761Y3G0ZSZ,50,3047083,2025-03-31 12:06:04 UTC,,,
0FVCWF5Q9HGX31V32TPK6WQA7M,63,3047083,2025-03-31 12:06:09 UTC,,,
0FVCWF7896AY42EYPKKFZXGJ2S,66,3047083,2025-03-31 12:06:14 UTC,,,
0FVCWF8SD4KTXZP1R3B9FP8T26,50,3047083,2025-03-31 12:06:19 UTC,,,
0FVCWFAA8AKTV5SG8N8ZER5CZA,52,3047083,2025-03-31 12:06:24 UTC,,,
0FVCWFBWT4X25NM5T26VXK5RQS,53,3047083,2025-03-31 12:06:29 UTC,,,
0FVCWFDCP27AVS0DCNJ2YWJ589,61,3047083,2025-03-31 12:06:34 UTC,,,
0FVCWFEXKB9XCM7SZJFNNYF08J,69,3047083,2025-03-31 12:06:39 UTC,,,
0FVCWFGE651NV3KBEYBFAWHPH4,62,3047083,2025-03-31 12:06:44 UTC,,,
0FVCWFHYR0MK0ZJ45ZNE4453X6,66,3047083,2025-03-31 12:06:49 UTC,,,
0FVCWFKFRNNPZB6VZ9N13V3RR4,68,3047083,2025-03-31 12:06:54 UTC,,,
0FVCWFN0QN6ERRZN68Z5BF371G,55,3047083,2025-03-31 12:06:59 UTC,,,
0FVCWFPJ74KBABT4R8W5KQPXZX,64,3047083,2025-03-31 12:07:04 UTC,,,
0FVCWFR37SQDAEPF5F17GPT326,54,3047083,2025-03-31 12:07:09 UTC,,,
0FVCWFSM6J1Y3J2RJ2G762BHNM,60,3047083,2025-03-31 12:07:14 UTC,,,
0FVCWFV55ZYW7HWSD14PJ7Y9E6,60,3047083,2025-03-31 12:07:19 UTC,,,
0FVCWFWP8F5EFPZEM135FW2NN4,61,3047083,2025-03-31 12:07:24 UTC,,,
0FVCWKZH95YJ3CPK8NER0PF5YR,58,3047083,2025-03-31 12:14:33 UTC,,,
0FVCWM116MZGA214MZCGW0NGZ6,62,3047083,2025-03-31 12:14:38 UTC,,,
0FVCWM2J621B28MQF260HKYS6Q,70,3047083,2025-03-31 12:14:43 UTC,,,
0FVCWM436BXGRCA647KE87GSWZ,63,3047083,2025-03-31 12:14:48 UTC,,,
0FVCWM5M6XGSSS2233QZ2B2GGY,58,3047083,2025-03-31 12:14:53 UTC,,,
0FVCWM754KNMQH9XXR8EGA18VQ,65,3047083,2025-03-31 12:14:58 UTC,,,
0FVCWM8SY8XRPMDX5HN71XPERN,66,3047083,2025-03-31 12:15:03 UTC,,,
0FVCWMA7G65WBFP6WVT9FM09XR,59,3047083,2025-03-31 12:15:08 UTC,,,
0FVCWMBRDGS0QBHG8CQZNVB85S,60,3047083,2025-03-31 12:15:13 UTC,,,
0FVCWMD98DAQP04ET0QXJFQXYG,70,3047083,2025-03-31 12:15:18 UTC,,,
0FVCWMETGA28QXEPA7P7GJSWRP,64,3047083,2025-03-31 12:15:23 UTC,,,
0FVCWMGBERP9WKA9VNG1S1YC4P,66,3047083,2025-03-31 12:15:28 UTC,,,
0FVCWMHX6KB37ABFQZK7KWJQ3D,54,3047083,2025-03-31 12:15:33 UTC,,,
0FVCWMKDWGVCF3XT5SJRCSNN67,66,3047083,2025-03-31 12:15:38 UTC,,,
0FVCWMMYD3FVRZ3SKYRYQR0TEK,52,3047083,2025-03-31 12:15:43 UTC,,,
0FVCWMPFE71Y2SG0D0Y66CXVRT,62,3047083,2025-03-31 12:15:48 UTC,,,
0FVCWMR0JD3F5WF3QEWEECK57N,63,3047083,2025-03-31 12:15:53 UTC,,,
0FVCWMSHEJXEF8BQRWDT4P8TYF,64,3047083,2025-03-31 12:15:58 UTC,,,
0FVCWMV3A3ACHFC68RHAMQVN9E,58,3047083,2025-03-31 12:16:03 UTC,,,
0FVCWMWKEGPKYAQ7530N2CD8TJ,59,3047083,2025-03-31 12:16:08 UTC,,,
0FVCWMY4TXG291JY8K13YJJRKP,60,3047083,2025-03-31 12:16:13 UTC,,,
0FVCWMZNH1PNYV8YRFXF3R4E97,50,3047083,2025-03-31 12:16:18 UTC,,,
0FVCWN1810CPDS3QTV52K4AJPK,52,3047083,2025-03-31 12:16:23 UTC,,,
0FVCWN2QZM4FR4NQV66FZRQKRF,68,3047083,2025-03-31 12:16:28 UTC,,,
0FVCWN49BNTG5VT2QT339YFVJ9,51,3047083,2025-03-31 12:16:33 UTC,,,
0FVCWN5SPQKGHF7BQ847WZDP94,51,3047083,2025-03-31 12:16:38 UTC,,,
0FVCWN7AQGPY9XK1AA6W3BN6P2,70,3047083,2025-03-31 12:16:43 UTC,,,
0FVCWN8W21G2XAGY9PBBP6Y6AZ,54,3047083,2025-03-31 12:16:48 UTC,,,
0FVCWNAD1Y16H7HYG3Y9XZSFEH,61,3047083,2025-03-31 12:16:53 UTC,,,
0FVCWNBY1TPRKGC9XP9J9J94KS,52,3047083,2025-03-31 12:16:58 UTC,,,
0FVCWNDF17SVSWQK06APWBF581,58,3047083,2025-03-31 12:17:04 UTC,,,
0FVCWNF028W0XFEVK448S6TM1C,66,3047083,2025-03-31 12:17:09 UTC,,,
0FVCWNGGRYWCW77XK0EEGM1J5Z,66,3047083,2025-03-31 12:17:14 UTC,,,
0FVCWNJ1PVRN7NY8TWCNQ413SH,57,3047083,2025-03-31 12:17:19 UTC,,,
0FVCWNKK2FVMNCE39MXW4NA3JQ,63,3047083,2025-03-31 12:17:24 UTC,,,
0FVCWNN3TTJRRQXW7MX5VS1PSD,64,3047083,2025-03-31 12:17:29 UTC,,,
0FVCWNPN8MANXGF29GXX8YDA73,67,3047083,2025-03-31 12:17:34 UTC,,,
0FVCWNR68Y0AD152ZBBZY4GRXQ,60,3047083,2025-03-31 12:17:39 UTC,,,
0FVCWNSPT9VNHCCMC5H2828EAF,68,3047083,2025-03-31 12:17:44 UTC,,,
0FVCWNV7T62V84MWAPXM9PC5A4,57,3047083,2025-03-31 12:17:49 UTC,,,
0FVCWNWS00D6V0PXSKHAGG7X2D,61,3047083,2025-03-31 12:17:54 UTC,,,
0FVCWNYB8W6Y77NT225A13WD7C,50,3047083,2025-03-31 12:17:59 UTC,,,
0FVCWNZV4A20ZX8HM8V1RWX29Q,64,3047083,2025-03-31 12:18:04 UTC,,,
0FVCWP1D3K04RESHYM0CM6JDAY,57,3047083,2025-03-31 12:18:09 UTC,,,
0FVCWP2X2M2TAZ1JPGWFPCKMRM,53,3047083,2025-03-31 12:18:14 UTC,,,
0FVCWP4E8668Q9Z7HRY4S4D605,60,3047083,2025-03-31 12:18:19 UTC,,,
0FVCWP5ZD211TG3A1RP3FVSF7G,68,3047083,2025-03-31 12:18:24 UTC,,,
0FVCWP7G5ACWV89JN94RFE6SH0,68,3047083,2025-03-31 12:18:29 UTC,,,
0FVCWP924D0F3GM29HCP47HG6T,65,3047083,2025-03-31 12:18:34 UTC,,,
0FVCWPAK3R6QYBC3EB3E7RHWM3,70,3047083,2025-03-31 12:18:39 UTC,,,
0FVCWPC33ATJTH81HBK76TQYE9,57,3047083,2025-03-31 12:18:44 UTC,,,
0FVCWPDM3PFDH40MHTGECTSN3M,50,3047083,2025-03-31 12:18:49 UTC,,,
0FVCWPF7D0VK6EXYTYXM920GMR,57,3047083,2025-03-31 12:18:54 UTC,,,
0FVCWPGP0M9ECCJVG3QAVV47CC,69,3047083,2025-03-31 12:18:59 UTC,,,
0FVCWPJ9EY1N8ZM1X34Z74N9Q9,61,3047083,2025-03-31 12:19:04 UTC,,,
0FVCWPKR7JH57DVT1565G1QXJE,65,3047083,2025-03-31 12:19:09 UTC,,,
0FVCWPN952THECQYN145GDV8NS,65,3047083,2025-03-31 12:19:14 UTC,,,
0FVCWPPT2HJ96GGTZZNMHAGK3J,51,3047083,2025-03-31 12:19:19 UTC,,,
0FVCX83Z4VEF2AK579VBDE8KA3,62,3047083,2025-03-31 12:49:45 UTC,,,
0FVCX85GBH8VWJQVP1VGZMM3D2,57,3047083,2025-03-31 12:49:50 UTC,,,
0FVCX8719PFQ0EV8HMAPV6VJ19,53,3047083,2025-03-31 12:49:55 UTC,,,
0FVCX88J9HFDS4R7VW46SQ3NV9,64,3047083,2025-03-31 12:50:00 UTC,,,
0FVCX8A6421XKSJY7TF9VHK0XP,64,3047083,2025-03-31 12:50:05 UTC,,,
0FVCX8BMD9KY765G2Z35P4XGWE,62,3047083,2025-03-31 12:50:10 UTC,,,
0FVCX8D572QVSPZZHHGY07YPQ3,59,3047083,2025-03-31 12:50:15 UTC,,,
0FVCX8EP8C8F9Z58R10SN32PSS,51,3047083,2025-03-31 12:50:20 UTC,,,
0FVCX8G7ADZ4G8WV6247QD7F0Q,50,3047083,2025-03-31 12:50:25 UTC,,,
0FVCX8HRZ7WSMNC31ZW6Q3VS3J,50,3047083,2025-03-31 12:50:30 UTC,,,
0FVCX8K9BEXQHE5PQWMWBNNPW2,67,3047083,2025-03-31 12:50:35 UTC,,,
0FVCX8MTJ7HJ2WTJKXTW9GX0Z3,58,3047083,2025-03-31 12:50:40 UTC,,,
0FVCX8PBAQY9BKF247DY1E9A69,67,3047083,2025-03-31 12:50:45 UTC,,,
0FVCX8QWBQHSG6W20VYSTRDDBT,57,3047083,2025-03-31 12:50:50 UTC,,,
0FVCX8SDAX7P45GRXETJ48NA9F,66,3047083,2025-03-31 12:50:55 UTC,,,
0FVCX8TZ40PFDM88XX4NJNXM9X,59,3047083,2025-03-31 12:51:00 UTC,,,
0FVCX8WFDDNWM6Q67WSV56AAB3,68,3047083,2025-03-31 12:51:05 UTC,,,
0FVCX8Y0F4YEJEA8TXENT0WCGV,60,3047083,2025-03-31 12:51:10 UTC,,,
0FVCX8ZHG39E0YZ62QER3ZV4S7,68,3047083,2025-03-31 12:51:15 UTC,,,
0FVCX912J8RZAX552H9PZK90SD,56,3047083,2025-03-31 12:51:20 UTC,,,
0FVCX92KJWNK5HACS49A7384FA,65,3047083,2025-03-31 12:51:25 UTC,,,
0FVCX944M4SXQ7XKBP19AN38KA,52,3047083,2025-03-31 12:51:30 UTC,,,
0FVCX95PDE3W2WD2917VKP29HN,62,3047083,2025-03-31 12:51:35 UTC,,,
0FVCX976SKJPJDSVFTJKNE8CD8,69,3047083,2025-03-31 12:51:40 UTC,,,
0FVCX98QRZW49SPRFYGTYY6K15,66,3047083,2025-03-31 12:51:45 UTC,,,
0FVCX9A9PH0529Z14936HYEGF5,65,3047083,2025-03-31 12:51:50 UTC,,,
0FVCX9BSSW733MPENY0MV2G9N7,56,3047083,2025-03-31 12:51:55 UTC,,,
0FVCX9DBB47PETXT1Z6J6V7M29,70,3047083,2025-03-31 12:52:00 UTC,,,
0FVCX9EWBB2SR69R7VJFB8J1QC,56,3047083,2025-03-31 12:52:05 UTC,,,
0FVCX9GCWDMAW5W5ERNKPJ2MT5,60,3047083,2025-03-31 12:52:10 UTC,,,
0FVCX9HXWY3G80TB0T8RA9NQXM,66,3047083,2025-03-31 12:52:15 UTC,,,
0FVCX9KEWS5FR17J92FPVN4HN6,67,3047083,2025-03-31 12:52:20 UTC,,,
0FVCX9MZZY2N6VP40R2FRTQ7DZ,57,3047083,2025-03-31 12:52:25 UTC,,,
0FVCX9PH21X0TYQTQ3QFPS63MT,60,3047083,2025-03-31 12:52:30 UTC,,,
0FVCX9R2ATQSDY5EJA3S51DW3D,67,3047083,2025-03-31 12:52:35 UTC,,,
0FVCX9SJXZSQ26DM0AWFCP3428,50,3047083,2025-03-31 12:52:40 UTC,,,
0FVCX9V4AXK92VMFPTZ03RN7ZJ,52,3047083,2025-03-31 12:52:45 UTC,,,
0FVCX9WMXS4Z60AYD0J80TXCSE,54,3047083,2025-03-31 12:52:50 UTC,,,
0FVCX9Y66Z8DNYKTA9WMK4MA9E,65,3047083,2025-03-31 12:52:55 UTC,,,
0FVCX9ZPYFSQ6EX9KA3FEMX866,60,3047083,2025-03-31 12:53:00 UTC,,,
0FVCXA17XTAQKWKS0EBPZ40ERH,68,3047083,2025-03-31 12:53:05 UTC,,,
0FVCXA2RT2XC375J2HE7TMQH96,55,3047083,2025-03-31 12:53:10 UTC,,,
0FVCXA49YEZ7QXDQB6W3NM3P05,54,3047083,2025-03-31 12:53:16 UTC,,,
0FVCXA5TXABVKDJ68JKZXR03ZP,68,3047083,2025-03-31 12:53:21 UTC,,,
0FVCXA7BXAGPR2HZ2ZRGKZFJQP,59,3047083,2025-03-31 12:53:26 UTC,,,
0FVCXA9426H0KSN1EHKDE119DW,58,3047083,2025-03-31 12:53:31 UTC,,,
0FVCXAAEVY8MEZQR59DXSGTWC1,70,3047083,2025-03-31 12:53:36 UTC,,,
0FVCXABZ2M3B2W47KNSKCZQEW6,53,3047083,2025-03-31 12:53:41 UTC,,,
0FVCXADG2KAQ6RS6M60SQVQPMA,63,3047083,2025-03-31 12:53:46 UTC,,,
0FVCXBEAWW10W4RXCTCDCWEZVB,53,3047083,2025-03-31 12:55:33 UTC,,,
0FVCXBFTVZA5C11WJWV9HZQ955,50,3047083,2025-03-31 12:55:38 UTC,,,
0FVCXBHBT1GD6WP3AZVZNNTHM2,52,3047083,2025-03-31 12:55:43 UTC,,,
0FVCXBJX7C1902AP2ZDRTMSBFS,69,3047083,2025-03-31 12:55:48 UTC,,,
0FVCXBMDZ4BHAAADWZW57YJWFF,62,3047083,2025-03-31 12:55:53 UTC,,,
0FVCXBNYZG6BEQD6B36740M51Q,57,3047083,2025-03-31 12:55:58 UTC,,,
0FVCXBQFPZ9BQ1CR35R5VK3755,58,3047083,2025-03-31 12:56:03 UTC,,,
0FVCXBS0QCJW2FSTXEY6A6Y67Z,65,3047083,2025-03-31 12:56:08 UTC,,,
0FVCXBTHZX16V4EWNPMFXTAKR4,52,3047083,2025-03-31 12:56:13 UTC,,,
0FVCXBW2XSRBP16J007A4PCS2W,67,3047083,2025-03-31 12:56:18 UTC,,,
0FVCXBXKVMA4RVT8MV60DTJW72,67,3047083,2025-03-31 12:56:23 UTC,,,
0FVCXBZ4MKYMM4XMNE3R2YZK9M,70,3047083,2025-03-31 12:56:28 UTC,,,
0FVCXC0NKR64JPX23GB8QE9X7S,70,3047083,2025-03-31 12:56:33 UTC,,,
0FVCXC26WJ7Y9EF5G7SA8H6X0D,66,3047083,2025-03-31 12:56:38 UTC,,,
0FVCXC40QQM6F1AECCVG7TPX20,70,3047083,2025-03-31 12:56:44 UTC,,,
0FVCXC58YWP8G2X55BYKPA4Z57,62,3047083,2025-03-31 12:56:48 UTC,,,
0FVCXC6SW24VPGGHN4PJM85DK9,56,3047083,2025-03-31 12:56:53 UTC,,,
0FVCXC8AWVSB8E5HF3557CGSTC,63,3047083,2025-03-31 12:56:58 UTC,,,
0FVCXC9WF6GVJZ15ST5277A10N,66,3047083,2025-03-31 12:57:03 UTC,,,
0FVCXCBCYPV738EVNXY21FS3KG,53,3047083,2025-03-31 12:57:08 UTC,,,
0FVCXCCXVS10MTDWCRMZVZ55SV,60,3047083,2025-03-31 12:57:13 UTC,,,
0FVCXCEEJGGE0RHTD0Q9J2XXQW,65,3047083,2025-03-31 12:57:18 UTC,,,
0FVCXCFZM27W6F8RG6N357RS5S,51,3047083,2025-03-31 12:57:23 UTC,,,
0FVCXCHGTX73P53281ZB8J9F8C,53,3047083,2025-03-31 12:57:29 UTC,,,
0FVCXCK1VD3S2JCVC0ZRXJ1AQY,51,3047083,2025-03-31 12:57:34 UTC,,,
0FVCXCMJNQ3YK9RQTJKPT473M2,56,3047083,2025-03-31 12:57:39 UTC,,,
0FVCXCP3RD63GS4A8MW2FQTCP4,64,3047083,2025-03-31 12:57:44 UTC,,,
0FVCXCQMQ7ANH6Z0YNCCFZVEWA,63,3047083,2025-03-31 12:57:49 UTC,,,
0FVCXCS5N221YFX0WHNVQH97CB,67,3047083,2025-03-31 12:57:54 UTC,,,
0FVCXCTPYPEBV3ESH2DC7048KH,59,3047083,2025-03-31 12:57:59 UTC,,,
0FVCXCW7V4CW3Z4YCQSQRQ3CJ0,52,3047083,2025-03-31 12:58:04 UTC,,,
0FVCXCXRQVCDWR8HYM0HZB6QGD,58,3047083,2025-03-31 12:58:09 UTC,,,
0FVCXCZ9RB54S94NDJSZ4TH4XN,70,3047083,2025-03-31 12:58:14 UTC,,,
0FVCXD0TWPBANH992YKX22HX6X,70,3047083,2025-03-31 12:58:19 UTC,,,
0FVCXD2BTTN9N0X9Z433FX3CMZ,61,3047083,2025-03-31 12:58:24 UTC,,,
0FVCXD3XP0VCHC4HQ0TBXY72P9,59,3047083,2025-03-31 12:58:29 UTC,,,
0FVCXD5EFNREP9D6HFEM7NNAZZ,57,3047083,2025-03-31 12:58:34 UTC,,,
0FVCXD6YXBEXDT3ZWH28X7S8Y6,65,3047083,2025-03-31 12:58:39 UTC,,,
0FVCXD8G17SNXDANDQ5BY6TYA4,65,3047083,2025-03-31 12:58:44 UTC,,,
0FVCXDA0S4J8PQST7QEPAQM0M2,60,3047083,2025-03-31 12:58:49 UTC,,,
0FVCXDBJVD75VYP9JGY1K1VTEX,68,3047083,2025-03-31 12:58:54 UTC,,,
0FVCXDD3X7EP86DXG6NMPZQCYM,67,3047083,2025-03-31 12:58:59 UTC,,,
0FVCXDEN25BFF6THBC6BNQTAJ3,54,3047083,2025-03-31 12:59:04 UTC,,,
0FVCXDG4WF8GSYH5X3YVPS4S0Q,52,3047083,2025-03-31 12:59:09 UTC,,,
0FVCXDHNZG47SX7RGZEKBZQ68P,64,3047083,2025-03-31 12:59:14 UTC,,,
0FVCXDK6V3R8XERNB2HZE3GAR5,70,3047083,2025-03-31 12:59:19 UTC,,,
0FVCXDMR4MTV4QBAS9DR4MQDKP,58,3047083,2025-03-31 12:59:24 UTC,,,
0FVCXDP8ZJ1Y4R944G105GM2QZ,52,3047083,2025-03-31 12:59:29 UTC,,,
0FVCXDQSVYRCFMABZ8FF8GG1ZT,58,3047083,2025-03-31 12:59:34 UTC,,,
0FVCXDSB9XGWG4N0ZCSFV44YNN,62,3047083,2025-03-31 12:59:39 UTC,,,
0FVCXDTW6ENWV77N9CGSRGNP25,61,3047083,2025-03-31 12:59:44 UTC,,,
0FVCXDWD6940BX7EP5JEN00XGG,63,3047083,2025-03-31 12:59:49 UTC,,,
0FVCXDXY2FYY531REZKEZ8QK6E,62,3047083,2025-03-31 12:59:54 UTC,,,
0FVCXDZEYM2PAT116EGPJH11M8,54,3047083,2025-03-31 12:59:59 UTC,,,
0FVCXE10V9N3CW087T7XDVWGPT,61,3047083,2025-03-31 13:00:04 UTC,,,
0FVCXE2J0GC6S11MBVDMAX2AH6,50,3047083,2025-03-31 13:00:09 UTC,,,
0FVCXE424S96J8Q5J6GMMKG38Y,68,3047083,2025-03-31 13:00:14 UTC,,,
0FVCXE5KW9DYBSK5YS1FC40FB2,59,3047083,2025-03-31 13:00:19 UTC,,,
0FVCXE7488E7HKNH36G38K8YS7,70,3047083,2025-03-31 13:00:24 UTC,,,
0FVCXE8NVPSSAZHAM73DA6EWJP,52,3047083,2025-03-31 13:00:29 UTC,,,
0FVCXEA6XSP1WXGM3YC0B678KG,52,3047083,2025-03-31 13:00:34 UTC,,,
0FVCXEBQ2X5ZV3V1EXR030ZKTM,64,3047083,2025-03-31 13:00:39 UTC,,,
0FVCXEDA5VWN4XMNCMA0E8J0KD,66,3047083,2025-03-31 13:00:44 UTC,,,
0FVCXEES6VF1VBK5E71T7C3S4J,58,3047083,2025-03-31 13:00:49 UTC,,,
0FVCXEGC3HKSQ9C16D42ED0387,55,3047083,2025-03-31 13:00:54 UTC,,,
0FVCXEHV2CH4MH0CP7J5N57QWV,59,3047083,2025-03-31 13:00:59 UTC,,,
0FVCXEKDVWRGASEXFJ7QEEK0SX,63,3047083,2025-03-31 13:01:04 UTC,,,
0FVCXEMXXBWFBBQYYEGHCHRWP8,59,3047083,2025-03-31 13:01:09 UTC,,,
0FVCXEPEPFE3HZRD084GYDFB1T,64,3047083,2025-03-31 13:01:14 UTC,,,
0FVCXEQZ5HTB0Q9SB8XMXNP25Z,63,3047083,2025-03-31 13:01:19 UTC,,,
0FVCXESGTK6B0YK45DSP92H2F6,51,3047083,2025-03-31 13:01:24 UTC,,,
0FVCXEV238VFM2N1S5HW95H2N5,52,3047083,2025-03-31 13:01:29 UTC,,,
0FVCXEWJT7PWJGT2S3A2Q1GNWE,60,3047083,2025-03-31 13:01:34 UTC,,,
0FVCXEY3VPPG7JS5054CR21ZVM,70,3047083,2025-03-31 13:01:40 UTC,,,
0FVCXEZMVTSXGVJD9N8TSKTZHE,63,3047083,2025-03-31 13:01:45 UTC,,,
0FVCXF159CK4S9SHGX83KZ5SY1,55,3047083,2025-03-31 13:01:49 UTC,,,
0FVCXF2PJ9C1NP7B5XJRZGMERH,52,3047083,2025-03-31 13:01:55 UTC,,,
0FVCXF47E9XGKJ6TB4FTEAN9G6,54,3047083,2025-03-31 13:02:00 UTC,,,
0FVCXF5RDDGPQW40JA70YQSTV3,55,3047083,2025-03-31 13:02:05 UTC,,,
0FVD0N29PHTM4J5XT5H0HD95MQ,68,3047083,2025-03-31 16:00:09 UTC,,,
0FVD0N3QWQGS4PFQW6YVYKKCZW,69,3047083,2025-03-31 16:00:13 UTC,,,
0FVD0N5848EWPMR5YC7B4QGZNB,50,3047083,2025-03-31 16:00:18 UTC,,,
0FVD0N6WJ04D491F2T91EMPTRT,59,3047083,2025-03-31 16:00:24 UTC,,,
0FVD0N8FG72CV74MZ1MHF9NZ98,70,3047083,2025-03-31 16:00:29 UTC,,,
0FVD0N9ZEHM7KWYTK6EMPZ9XCM,54,3047083,2025-03-31 16:00:34 UTC,,,
0FVD0NBJK1XEEZYC7WABR7J0P6,54,3047083,2025-03-31 16:00:39 UTC,,,
0FVD0ND8FBJRCQT43T8X2RGYEC,68,3047083,2025-03-31 16:00:45 UTC,,,
0FVD0NFFYZ3CPA6V05K12BNGRS,55,3047083,2025-03-31 16:00:52 UTC,,,
0FVD0PRAW3AVEWRJN5668JE5A3,68,3047083,2025-03-31 16:03:06 UTC,,,
0FVD0PT2EB6951RK9E6KTKH5K4,70,3047083,2025-03-31 16:03:11 UTC,,,
0FVD0PVCCBEVF0A58FPKMY5ERE,68,3047083,2025-03-31 16:03:16 UTC,,,
0FVD0PWZH340JNG280CDB4A511,56,3047083,2025-03-31 16:03:21 UTC,,,
0FVD0PYFG3N7DTAX2M40KWH662,70,3047083,2025-03-31 16:03:26 UTC,,,
0FVD0Q02H955E05XNE92AHY98T,70,3047083,2025-03-31 16:03:31 UTC,,,
0FVD0Q1NH9963G5XKBF7D4F2WT,50,3047083,2025-03-31 16:03:36 UTC,,,
0FVD0Q3D5395PXNQFQAH71DSCN,52,3047083,2025-03-31 16:03:42 UTC,,,
0FVD0Q4NF1GW3KJYS0YEYY2208,67,3047083,2025-03-31 16:03:46 UTC,,,
0FVD0Q65FYYKNG7B2RRJDED6Q6,54,3047083,2025-03-31 16:03:51 UTC,,,
0FVD0Q7JKMRGGPJ1XBH6YYH69N,58,3047083,2025-03-31 16:03:56 UTC,,,
0FVD0Q98BCCFPHFJERBSZEHRHR,59,3047083,2025-03-31 16:04:01 UTC,,,
0FVD0QANC6BKFE8HQSFW5R2Z0X,56,3047083,2025-03-31 16:04:06 UTC,,,
0FVD0QC8AZEX9P3TXK2RWD2MC6,65,3047083,2025-03-31 16:04:11 UTC,,,
0FVD0QDQC4HZ4H4NAJ1V981EZX,61,3047083,2025-03-31 16:04:16 UTC,,,
0FVD0QFBCMNAMTQVFB99D96M47,60,3047083,2025-03-31 16:04:21 UTC,,,
0FVD0QGVACRF6FARDS8WB24RVR,54,3047083,2025-03-31 16:04:26 UTC,,,
0FVD0QJBEJZXQS547HJ86NDHRQ,62,3047083,2025-03-31 16:04:31 UTC,,,
0FVD0QKXN0X7VN1A70KJXBEG3W,57,3047083,2025-03-31 16:04:36 UTC,,,
0FVD0QNEAGVGEBZEBEZ42PCCXH,52,3047083,2025-03-31 16:04:41 UTC,,,
0FVD0QQ1KHS47C0NJN67EF00JY,58,3047083,2025-03-31 16:04:46 UTC,,,
0FVD0QREKN9SYP17KDRFDJNND5,50,3047083,2025-03-31 16:04:51 UTC,,,
0FVD0W8C88DKBDH56DSVN2JPEW,62,3047083,2025-03-31 16:12:43 UTC,,,
0FVD0W9Z5MYS60V95QQHB0HQ2A,51,3047083,2025-03-31 16:12:48 UTC,,,
0FVD0WBHCXRBNTVN66PMYJXYCM,62,3047083,2025-03-31 16:12:53 UTC,,,
0FVD0WDKF07TC8QBP5X4NREFN9,64,3047083,2025-03-31 16:13:00 UTC,,,
0FVD0WF08W5APTYHBY1T4NW99H,63,3047083,2025-03-31 16:13:04 UTC,,,
0FVD0WHN4EAC22841W463NXE78,53,3047083,2025-03-31 16:13:13 UTC,,,
0FVD0WHN585YB5Y48XZ906EW5B,61,3047083,2025-03-31 16:13:13 UTC,,,
0FVD0WK4BKP65A4AJ8Z0YKWDKF,57,3047083,2025-03-31 16:13:18 UTC,,,
0FVD0WMN32WG78Q2G734MJBFD7,67,3047083,2025-03-31 16:13:23 UTC,,,
0FVD0WP7JSRWP5PN5ZBMNKZGT8,64,3047083,2025-03-31 16:13:28 UTC,,,
0FVD0WQTEHK8YMME6J35TDYF0K,67,3047083,2025-03-31 16:13:33 UTC,,,
0FVD0WS7AW7Y3ZH7D56H56N650,63,3047083,2025-03-31 16:13:38 UTC,,,
0FVD0WTTFRABD1S9KD2DR88E11,52,3047083,2025-03-31 16:13:43 UTC,,,
0FVD0WWDCPRY840H0GT4EZTWXX,62,3047083,2025-03-31 16:13:48 UTC,,,
0FVD0WXX8N58AZ4J4F5SBP8D8R,66,3047083,2025-03-31 16:13:53 UTC,,,
0FVD0WZRFW04R0K8MBRF08AXYK,69,3047083,2025-03-31 16:13:59 UTC,,,
0FVD0X1Y20A2VQ751H2MV6650E,62,3047083,2025-03-31 16:14:06 UTC,,,
0FVD0X2FT82EGFAD8ZDEZC7EKZ,59,3047083,2025-03-31 16:14:08 UTC,,,
0FVD0X40E3D1XTG1RPNFWZXXTJ,66,3047083,2025-03-31 16:14:13 UTC,,,
0FVD0X5GN0KCWRY26WFNBY5BZ0,58,3047083,2025-03-31 16:14:18 UTC,,,
0FVD0X73Q2R65419936CZEYAQS,62,3047083,2025-03-31 16:14:23 UTC,,,
0FVD0X8GX83QH4GN78M61EZAGJ,54,3047083,2025-03-31 16:14:28 UTC,,,
0FVD0XA3AEPY1EXV52SBDKZYCJ,65,3047083,2025-03-31 16:14:33 UTC,,,
0FVD0XBP3M47DK4BX2MFAWSWNA,61,3047083,2025-03-31 16:14:38 UTC,,,
0FVD0XD697XBGEMNF1PW5G2HRV,65,3047083,2025-03-31 16:14:43 UTC,,,
0FVD0XEPFG49Z3VSQNEKMK2K2Y,56,3047083,2025-03-31 16:14:48 UTC,,,
0FVD0XG9CDW05XBQ1QZ1FEX6RM,67,3047083,2025-03-31 16:14:53 UTC,,,
0FVD0XHSEN3DE7JKJFHJ1FX3HR,61,3047083,2025-03-31 16:14:58 UTC,,,
0FVD12Y718B477Q3GBTT1F6Z1E,85,3047083,2025-03-31 16:24:23 UTC,,,
0FVD12Z4NZC8RFM0RFRA5QNEGC,66,3047083,2025-03-31 16:24:26 UTC,,,
0FVD1302B2ZCE3HMD96S3CJWJS,68,3047083,2025-03-31 16:24:29 UTC,,,
0FVD13109ZSW6XQEQ5PVP87ZVB,59,3047083,2025-03-31 16:24:32 UTC,,,
0FVD131YDR8W4YBB7TV6TC3R3K,85,3047083,2025-03-31 16:24:36 UTC,,,
0FVD132T03YP3PGSAQABW5PAP8,62,3047083,2025-03-31 16:24:38 UTC,,,
0FVD133Q6SQ4X7WAKM7BTPRVNC,82,3047083,2025-03-31 16:24:41 UTC,,,
0FVD134N82Z6ZH8VT1DR496920,97,3047083,2025-03-31 16:24:44 UTC,,,
0FVD135K85QYX2XME2QH3CAJHQ,78,3047083,2025-03-31 16:24:48 UTC,,,
0FVD136H209E31R7CZM51Z7W2N,93,3047083,2025-03-31 16:24:51 UTC,,,
0FVD137FC337M0ZY5QGB9V7DNN,82,3047083,2025-03-31 16:24:54 UTC,,,
0FVD138A8Z67AY887E1TEJ626J,82,3047083,2025-03-31 16:24:56 UTC,,,
0FVD13987Q0ERNGCP39N4GPEZV,83,3047083,2025-03-31 16:24:59 UTC,,,
0FVD13A6B8Z0GAW9FXDE95JCFF,86,3047083,2025-03-31 16:25:03 UTC,,,
0FVD13B4D4D738Z8RGXJ4RNRQX,56,3047083,2025-03-31 16:25:06 UTC,,,
0FVD13BZZZ49RAQN9DV5YTTVK3,94,3047083,2025-03-31 16:25:08 UTC,,,
0FVD13CXMRC1X1SMVMFAX8M5BJ,72,3047083,2025-03-31 16:25:12 UTC,,,
0FVD13DYEVGS0MTSX5ZK6WHG14,56,3047083,2025-03-31 16:25:15 UTC,,,
0FVD13ESB0KBV07BMA9G374ZBD,92,3047083,2025-03-31 16:25:18 UTC,,,
0FVD13FNJZKXGB8KM819SQ6X24,74,3047083,2025-03-31 16:25:21 UTC,,,
0FVD146S954M9ATQ5C2M1X4FTK,59,3047083,2025-03-31 16:26:36 UTC,,,
0FVD1483EP07QJD6QZCEJ9413E,83,3047083,2025-03-31 16:26:41 UTC,,,
0FVD1497FXXHFZYXFG00QVTRCG,86,3047083,2025-03-31 16:26:44 UTC,,,
0FVD14AHGG2G6X37KA8EV83C1W,92,3047083,2025-03-31 16:26:49 UTC,,,
0FVD14BP15DFAHT52DZ5BGQNAR,70,3047083,2025-03-31 16:26:52 UTC,,,
0FVD14CZCJNXFPQMFDBZBSDRZQ,67,3047083,2025-03-31 16:26:57 UTC,,,
0FVD14E681HM59PRCD031BPZH8,80,3047083,2025-03-31 16:27:01 UTC,,,
0FVD14FDA5XA4CZ5FKJMSN1FMR,94,3047083,2025-03-31 16:27:05 UTC,,,
0FVD14GHXKWQ4KSJF9XZRTRVCX,50,3047083,2025-03-31 16:27:08 UTC,,,
0FVD14HSG0BBPNDCKZ59KN0K6V,73,3047083,2025-03-31 16:27:12 UTC,,,
0FVD14K266QJVK1B4C595Q8T93,83,3047083,2025-03-31 16:27:16 UTC,,,
0FVD14M7Y4GX89C4C0GGAQ223T,83,3047083,2025-03-31 16:27:20 UTC,,,
0FVD14NF1M2S47DKVXZSXAEX03,88,3047083,2025-03-31 16:27:24 UTC,,,
0FVD14PPD52Z3A0EY2EWK71056,79,3047083,2025-03-31 16:27:28 UTC,,,
0FVD14QY5N9165REJ6NGS7FMWK,96,3047083,2025-03-31 16:27:32 UTC,,,
0FVD14S4KN0S127ZFDEV07P6G9,94,3047083,2025-03-31 16:27:36 UTC,,,
0FVD14TC325PSA8MEY4SZP23X2,89,3047083,2025-03-31 16:27:40 UTC,,,
0FVD14VK7Y3V4M1X7F40SZ2DV3,82,3047083,2025-03-31 16:27:44 UTC,,,
0FVD14WXART6YQ6ENYK1TRBX7R,98,3047083,2025-03-31 16:27:49 UTC,,,
0FVD14Y1GB54EFN6Q48QAH1BGK,95,3047083,2025-03-31 16:27:52 UTC,,,
0FVD14ZBD74WVQ6CR35P6CZKYS,71,3047083,2025-03-31 16:27:57 UTC,,,
